,State,County,Track,Mean Income,Family Size,Population,Black
0,17,031,650200,58911,4.21,7653,98
1,17,031,070600,172638,3.08,3218,42
2,17,031,390300,33660,3.12,2708,2423
3,17,031,231500,34408,4.47,7027,6417
4,17,031,160300,54750,2.90,3815,320
5,17,031,080202,133102,2.53,3664,66
6,17,031,836400,60196,3.41,3305,3003
7,17,031,170500,75949,3.17,5245,179
8,17,031,062400,163575,2.93,1517,28
9,17,031,838000,46768,3.76,2928,2126
10,17,031,838100,41537,2.86,1868,991
11,17,031,010701,69279,3.38,3999,706
12,17,031,640300,74403,3.62,7018,0
13,17,031,310900,43931,3.67,5034,114
14,17,031,320600,109439,2.27,4791,928
15,17,031,161300,49722,3.64,3905,106
16,17,031,010202,43751,3.18,2304,674
17,17,031,010600,56929,3.25,6558,1773
18,17,031,431200,58154,3.49,3296,3164
19,17,031,431301,31492,3.51,3037,2867
20,17,031,560800,75909,3.28,6064,37
21,17,031,230900,50027,3.62,5330,1320
22,17,031,491200,54936,3.57,2293,2210
23,17,031,220601,66925,3.87,1817,212
24,17,031,836600,58109,3.60,2683,946
25,17,031,420600,24801,3.73,2129,1992
26,17,031,630500,54317,4.51,6405,150
27,17,031,390400,55631,2.85,2693,2343
28,17,031,410700,72117,2.48,2096,507
29,17,031,842000,95286,2.85,2999,1034
30,17,031,835600,52758,3.95,1020,1000
31,17,031,110100,99385,3.74,6020,0
32,17,031,671600,30743,3.79,2030,1818
33,17,031,835000,33595,4.45,5908,3747
34,17,031,510200,51703,3.05,2627,1914
35,17,031,711500,44573,3.75,2382,2283
36,17,031,839100,112646,2.59,5704,867
37,17,031,130200,91892,3.31,1620,23
38,17,031,241400,130367,2.90,5325,651
39,17,031,051400,130551,2.98,1873,48
40,17,031,681200,30088,3.80,2437,2241
41,17,031,040201,73508,3.09,6314,205
42,17,031,160501,63665,4.06,4683,106
43,17,031,730700,52839,3.63,2345,2274
44,17,031,460400,55342,3.23,3072,2974
45,17,031,040700,99436,3.18,3383,65
46,17,031,190300,57537,4.17,5375,75
47,17,031,660500,42009,4.33,5346,687
48,17,031,750100,54454,3.53,4396,4091
49,17,031,750500,65731,3.82,6168,4667
50,17,031,251300,46187,3.47,4882,4039
51,17,031,590500,57447,3.58,1772,46
52,17,031,221000,51406,3.91,2991,223
53,17,031,020302,131592,3.30,4886,669
54,17,031,221200,75145,3.43,3163,133
55,17,031,071100,147379,2.87,2861,112
56,17,031,071000,142035,3.11,4116,168
57,17,031,151001,58534,3.44,2371,119
58,17,031,190800,49223,4.07,6739,69
59,17,031,830600,57375,3.71,4625,671
60,17,031,030300,55222,3.32,3231,334
61,17,031,220300,100800,3.33,2389,95
62,17,031,100200,81318,3.00,6424,192
63,17,031,620200,59380,3.92,2415,9
64,17,031,670800,32685,3.99,1762,1747
65,17,031,020601,65921,3.89,6330,373
66,17,031,841200,40032,4.15,5651,222
67,17,031,420800,37640,3.76,2293,2123
68,17,031,711200,51583,3.33,5021,5009
69,17,031,242400,80838,2.74,2844,70
70,17,031,570200,62262,4.02,1845,13
71,17,031,490600,60639,3.24,1433,1421
72,17,031,672000,51466,4.43,3848,3600
73,17,031,243200,133217,2.97,2253,16
74,17,031,070101,116879,2.95,4086,80
75,17,031,833100,144130,2.56,7547,1000
76,17,031,570300,53746,4.29,5966,11
77,17,031,240500,138646,2.59,2081,9
78,17,031,841100,39517,3.28,7673,345
79,17,031,410100,50083,2.46,1796,852
80,17,031,070103,65031,2.49,1629,77
81,17,031,380100,46502,3.16,1927,1820
82,17,031,831300,36677,3.30,1045,560
83,17,031,835900,35940,3.64,3258,2910
84,17,031,060400,162802,3.25,3848,26
85,17,031,460700,25831,3.53,2572,1423
86,17,031,160400,58348,3.33,5111,211
87,17,031,835800,74247,3.59,1662,1566
88,17,031,062100,123115,2.67,3595,79
89,17,031,836000,69837,3.43,2482,2341
90,17,031,381200,59091,3.37,2010,1804
91,17,031,836300,85581,3.21,1591,862
92,17,031,839500,58513,3.03,1304,894
93,17,031,681300,29927,3.76,2255,2060
94,17,031,250400,43486,3.52,5271,4108
95,17,031,670200,31933,4.10,873,792
96,17,031,070700,173850,3.39,4221,239
97,17,031,251100,37145,3.90,4372,3849
98,17,031,730201,44706,3.33,6305,5910
99,17,031,040202,49801,3.28,6801,199
100,17,031,843700,154809,3.18,2440,39
101,17,031,650400,56887,4.56,6575,397
102,17,031,500200,43081,3.30,1995,1924
103,17,031,221600,118142,3.02,2960,86
104,17,031,420700,35488,3.97,3505,3360
105,17,031,210400,51831,3.93,3097,76
106,17,031,020901,50673,4.03,5004,1078
107,17,031,241200,117337,3.31,1895,161
108,17,031,150800,70180,3.55,5412,78
109,17,031,411000,82813,2.45,3239,1077
110,17,031,120400,91418,3.40,3671,0
111,17,031,230400,57360,4.18,2459,89
112,17,031,230600,41539,4.23,6669,2455
113,17,031,230800,70152,4.11,1239,122
114,17,031,251200,57533,4.58,4297,3740
115,17,031,061100,130731,2.59,1442,33
116,17,031,252201,36560,3.98,2912,2751
117,17,031,691100,38299,3.73,3261,3144
118,17,031,691300,49144,3.90,2658,2599
119,17,031,032100,81042,2.64,6797,597
120,17,031,842800,38926,4.17,7446,66
121,17,031,690900,36600,3.47,4431,4339
122,17,031,700301,62508,4.02,6151,678
123,17,031,839700,65579,3.56,5053,119
124,17,031,710400,51209,3.92,4912,4732
125,17,031,700401,75840,3.79,6153,3665
126,17,031,160700,78490,3.27,6182,377
127,17,031,611500,32509,4.40,3046,264
128,17,031,661100,52450,3.84,6285,2852
129,17,031,720700,84496,3.29,3254,1947
130,17,031,838700,25322,4.15,4736,4396
131,17,031,480400,66734,3.32,6301,6023
132,17,031,835500,29074,3.24,1437,1268
133,17,031,834400,57841,3.63,4276,3976
134,17,031,070102,91143,2.37,2745,148
135,17,031,833000,150469,2.42,2895,218
136,17,031,830900,115978,3.26,3051,71
137,17,031,160900,87188,3.28,2384,25
138,17,031,831100,63948,3.81,8506,144
139,17,031,837800,69618,4.20,3472,2604
140,17,031,230700,43836,3.90,5193,698
141,17,031,301702,39253,4.06,4266,0
142,17,031,070300,118433,2.82,3426,47
143,17,031,837400,38475,3.64,2062,1907
144,17,031,222800,39498,3.61,1146,89
145,17,031,160800,76118,3.84,5410,17
146,17,031,681100,30587,3.81,3434,3305
147,17,031,630900,52420,4.71,5347,82
148,17,031,160602,62135,3.47,3970,83
149,17,031,440700,50392,3.20,1650,1602
150,17,031,834300,51404,3.45,5988,5782
151,17,031,834200,40890,3.24,4375,4248
152,17,031,070400,143279,2.98,3415,181
153,17,031,062600,164966,3.25,2317,34
154,17,031,031700,68873,2.95,6726,1642
155,17,031,301802,38481,3.93,3163,20
156,17,031,660400,58523,4.63,6330,217
157,17,031,560900,85177,3.44,5341,34
158,17,031,730202,57046,3.69,3342,3181
159,17,031,271200,33640,3.91,1254,1178
160,17,031,710800,46192,3.44,4767,4662
161,17,031,241600,99272,3.04,3598,79
162,17,031,831900,146236,2.87,2681,20
163,17,031,400300,41178,3.09,1318,1194
164,17,031,841400,34890,3.94,1213,1101
165,17,031,261000,41734,4.04,2396,2374
166,17,031,841600,38550,3.56,745,730
167,17,031,681400,38358,3.87,2624,2624
168,17,031,610300,43841,4.16,5876,256
169,17,031,301803,36763,4.46,5274,111
170,17,031,491100,76592,3.62,4667,4485
171,17,031,190601,60584,4.65,4695,357
172,17,031,150300,77264,3.51,8298,264
173,17,031,140400,85343,3.95,7319,11
174,17,031,710900,37302,3.74,2380,2328
175,17,031,841500,26003,3.90,3029,2806
176,17,031,600900,54650,3.27,3734,387
177,17,031,839000,99104,2.54,8848,1435
178,17,031,670100,43397,4.28,1325,1207
179,17,031,221100,54338,3.49,5190,685
180,17,031,020602,54289,3.60,4113,400
181,17,031,241000,63326,3.69,2102,552
182,17,031,220902,65080,4.05,3249,28
183,17,031,242600,71362,3.92,6501,1182
184,17,031,640500,69600,3.16,3389,57
185,17,031,081201,191245,2.13,4392,112
186,17,031,660700,35631,4.35,2398,2165
187,17,031,050200,113904,3.29,5230,137
188,17,031,310800,44652,3.89,4509,11
189,17,031,151100,58022,3.85,5419,10
190,17,031,171000,74105,3.46,7843,412
191,17,031,251000,46641,3.63,1120,921
192,17,031,190200,60816,3.87,5591,116
193,17,031,580501,52442,4.25,5527,205
194,17,031,580700,42337,4.10,6098,186
195,17,031,490300,59315,3.49,2233,2077
196,17,031,730400,60825,3.60,4019,3859
197,17,031,681000,32275,4.14,3079,2963
198,17,031,842400,48822,3.43,3102,3102
199,17,031,530600,36394,3.43,2868,2766
200,17,031,071300,165728,3.06,3471,69
201,17,031,242500,68563,3.86,4010,159
202,17,031,071500,117529,2.57,5807,159
203,17,031,230500,37835,3.92,3623,290
204,17,031,031200,58940,2.86,5063,1511
205,17,031,520100,47773,4.46,2151,194
206,17,031,710700,39178,3.07,2651,2574
207,17,031,283100,67668,3.16,2917,1218
208,17,031,839800,61454,3.07,2810,34
209,17,031,730500,63316,3.30,4153,3980
210,17,031,390600,116714,2.92,1859,798
211,17,031,580600,51449,4.18,5593,72
212,17,031,242100,127321,2.80,3509,121
213,17,031,070500,224947,3.06,3137,142
214,17,031,160200,85270,3.47,3295,89
215,17,031,831700,69734,4.04,2284,119
216,17,031,280800,35188,4.42,951,846
217,17,031,611800,31336,4.30,2531,1193
218,17,031,760801,56176,3.01,4477,41
219,17,031,051300,206720,3.02,2794,53
220,17,031,071700,189190,3.14,1819,302
221,17,031,200200,45458,3.76,4815,108
222,17,031,191200,42826,4.34,3937,47
223,17,031,835100,43256,4.68,5585,709
224,17,031,251600,52632,3.88,3606,3192
225,17,031,081100,92196,2.14,3766,390
226,17,031,460301,43432,3.23,2595,1748
227,17,031,250700,40226,3.35,5580,5369
228,17,031,231200,35507,3.86,5369,3096
229,17,031,282800,69367,2.93,1517,374
230,17,031,210900,70993,3.52,3141,140
231,17,031,062800,176022,2.88,3500,63
232,17,031,691400,37041,3.38,2720,2688
233,17,031,420300,50463,3.47,2505,1049
234,17,031,260300,39636,3.92,1485,1411
235,17,031,062000,102592,2.56,3003,159
236,17,031,150200,68664,3.14,7442,116
237,17,031,400500,32651,4.12,2394,2375
238,17,031,832100,79289,2.72,3136,677
239,17,031,242700,63465,3.09,1766,439
240,17,031,150501,78099,3.55,3907,122
241,17,031,020100,62538,3.56,3899,1198
242,17,031,671400,36466,3.55,1815,1774
243,17,031,170400,60450,3.05,3603,51
244,17,031,842200,111172,2.38,2614,461
245,17,031,251700,29121,4.07,1478,1133
246,17,031,430700,44265,2.81,2548,2264
247,17,031,580400,38492,3.38,3924,230
248,17,031,200100,61405,4.50,5078,128
249,17,031,832300,125754,2.95,1963,66
250,17,031,100500,109138,3.25,5617,20
251,17,031,840200,65646,3.77,2580,35
252,17,031,080400,87367,3.71,5053,2966
253,17,031,050500,140638,3.05,5541,54
254,17,031,612000,33281,4.52,1528,1418
255,17,031,421200,40271,5.29,1738,1708
256,17,031,711000,38829,3.47,3153,3116
257,17,031,210601,62058,3.85,2779,72
258,17,031,670400,48224,3.93,1594,1448
259,17,031,660900,41715,4.24,4393,3687
260,17,031,071600,200592,3.03,1666,117
261,17,031,040900,123009,3.02,2152,4
262,17,031,460500,45840,2.94,4768,4526
263,17,031,610800,69298,3.69,1618,17
264,17,031,010702,49103,3.69,5163,1001
265,17,031,440201,40627,3.31,5278,5120
266,17,031,590600,49251,3.88,3868,28
267,17,031,050800,146355,3.16,1390,13
268,17,031,841300,50290,3.62,4017,153
269,17,031,843900,44244,2.71,3630,3394
270,17,031,711100,47722,3.50,2658,2653
271,17,031,063301,57381,2.49,2637,202
272,17,031,832600,198479,2.90,3971,50
273,17,031,630100,39111,3.85,1045,159
274,17,031,430200,52932,3.11,4940,4761
275,17,031,062700,145443,2.79,2860,10
276,17,031,070200,136176,2.69,4136,222
277,17,031,430101,43566,3.62,4055,3617
278,17,031,030500,88052,2.90,6160,352
279,17,031,243300,90789,2.65,2437,79
280,17,031,840400,51892,3.53,3327,162
281,17,031,710200,30690,3.41,5397,5146
282,17,031,030604,50712,2.66,2910,602
283,17,031,110501,76582,3.43,4847,37
284,17,031,260800,49602,3.95,2453,2432
285,17,031,290900,31110,4.06,3769,3726
286,17,031,700100,68103,3.66,3244,2188
287,17,031,190401,58896,4.04,4124,0
288,17,031,842600,67018,3.89,4852,162
289,17,031,710600,36621,3.77,1884,1868
290,17,031,140800,95505,3.05,6656,271
291,17,031,834900,29915,3.80,2326,2232
292,17,031,271400,37907,3.02,1185,1117
293,17,031,040300,106689,3.22,2912,85
294,17,031,040600,108481,3.05,2696,70
295,17,031,650301,67928,3.99,5798,2
296,17,031,210501,50608,3.56,4262,125
297,17,031,051000,132587,3.07,1677,30
298,17,031,650302,64765,4.04,4112,172
299,17,031,010501,40394,3.05,3837,1038
300,17,031,550100,57914,3.07,6180,617
301,17,031,580100,48344,3.97,3043,13
302,17,031,491000,36487,4.55,4785,4743
303,17,031,671800,41313,4.41,1260,1085
304,17,031,140302,63955,3.58,4288,218
305,17,031,560400,51903,3.87,1504,15
306,17,031,260900,33249,4.08,1536,1395
307,17,031,440202,47662,3.04,3712,3614
308,17,031,660800,42592,4.13,5740,2803
309,17,031,140601,55637,4.34,2951,35
310,17,031,130300,72468,3.57,5326,219
311,17,031,710500,37762,3.22,3935,3662
312,17,031,081500,163442,2.25,4418,105
313,17,031,241100,80682,3.32,4062,388
314,17,031,710100,27647,4.42,1290,1224
315,17,031,222500,64803,3.34,1492,139
316,17,031,611300,34566,3.86,2695,290
317,17,031,430900,35306,3.14,1411,1381
318,17,031,680600,27581,4.17,1444,1395
319,17,031,840000,88266,3.28,2759,20
320,17,031,281900,92979,2.35,4888,362
321,17,031,081403,156298,2.24,7443,232
322,17,031,310400,58722,3.91,1332,77
323,17,031,252102,41405,4.10,6358,6358
324,17,031,081401,111868,2.60,2477,342
325,17,031,840800,36350,4.22,3211,26
326,17,031,010502,50134,2.63,3413,609
327,17,031,220602,60403,2.95,4697,221
328,17,031,530200,40212,4.51,4675,4644
329,17,031,242900,92057,3.13,1656,124
330,17,031,280100,134741,2.31,6811,285
331,17,031,081000,56325,2.18,7367,754
332,17,031,842500,20272,3.41,2286,2277
333,17,031,280400,30430,3.85,1703,1563
334,17,031,520300,51833,4.17,5933,152
335,17,031,031100,80394,2.87,4510,189
336,17,031,710300,32367,2.96,1301,1268
337,17,031,260400,31625,4.19,1608,1596
338,17,031,251400,40714,3.61,4342,4134
339,17,031,843500,36660,3.53,8572,5727
340,17,031,251900,32367,4.09,5509,5302
341,17,031,620400,52456,4.28,4802,50
342,17,031,150600,69815,3.79,4112,0
343,17,031,630400,39495,4.61,7261,5
344,17,031,650100,52862,3.95,4515,64
345,17,031,836800,22095,3.56,2475,2364
346,17,031,740200,93742,3.54,6466,92
347,17,031,280900,42990,3.11,888,719
348,17,031,832000,121647,2.90,2012,40
349,17,031,292400,38127,4.19,2015,1899
350,17,031,671500,30586,3.91,3012,2672
351,17,031,671900,49569,4.54,1195,1186
352,17,031,440101,32547,3.31,3952,3718
353,17,031,630300,50499,4.72,5754,16
354,17,031,300800,35295,4.30,4249,20
355,17,031,120200,126767,3.42,4619,108
356,17,031,250500,74488,3.53,7622,2556
357,17,031,140200,56040,3.84,6002,340
358,17,031,740100,91268,3.23,2945,0
359,17,031,243400,96809,3.27,2919,204
360,17,031,837100,41906,3.83,1996,1546
361,17,031,110502,57041,3.45,3630,87
362,17,031,690400,41129,3.39,3654,3541
363,17,031,260600,33032,4.50,2199,2072
364,17,031,450300,56868,3.23,3825,3799
365,17,031,063400,99255,2.47,1958,119
366,17,031,510300,43183,3.80,5988,5807
367,17,031,010100,47638,2.83,4106,1586
368,17,031,570500,55279,3.73,2418,91
369,17,031,560200,54773,3.31,1541,1110
370,17,031,838600,18716,3.74,1374,1320
371,17,031,282700,67568,3.83,2581,1498
372,17,031,832500,143900,3.18,3824,274
373,17,031,831200,50143,4.36,4932,222
374,17,031,490500,54750,3.27,2266,2088
375,17,031,530501,51021,3.90,4695,4583
376,17,031,381800,44645,3.32,1240,995
377,17,031,840300,53993,3.95,4025,152
378,17,031,810502,54526,3.49,4982,22
379,17,031,301701,37978,4.28,3924,2
380,17,031,822000,54147,3.28,4356,28
381,17,031,812600,77619,2.92,3403,816
382,17,031,252000,35378,3.84,6265,6076
383,17,031,140602,57664,3.93,5356,343
384,17,031,230200,52382,4.32,2134,444
385,17,031,833900,34217,4.04,2433,1281
386,17,031,440300,55720,2.99,4584,4403
387,17,031,430102,30879,3.39,3064,2910
388,17,031,671300,42990,4.09,1999,1902
389,17,031,480500,53703,3.36,2926,2538
390,17,031,110300,83891,3.56,5257,44
391,17,031,600700,40883,3.19,2354,153
392,17,031,730600,59807,3.28,3276,3244
393,17,031,835200,57461,4.01,1814,6
394,17,031,320100,149459,2.26,11104,543
395,17,031,691000,52421,3.78,2599,2529
396,17,031,330100,123798,2.77,17935,4041
397,17,031,071200,136078,2.68,2118,63
398,17,031,210602,57330,3.62,4249,160
399,17,031,700501,80912,3.84,7751,6770
400,17,031,832200,131599,3.45,3469,82
401,17,031,640600,49527,3.23,4352,0
402,17,031,243500,120489,2.73,3040,337
403,17,031,220702,52271,3.96,4089,331
404,17,031,241500,122497,3.21,2917,88
405,17,031,240200,128738,2.91,1507,20
406,17,031,620100,54741,4.55,4604,10
407,17,031,243000,90370,2.99,2472,69
408,17,031,221300,65050,2.97,2671,147
409,17,031,031502,37466,3.08,4027,1807
410,17,031,430400,44427,4.11,3440,3240
411,17,031,190602,60830,3.84,5434,119
412,17,031,842300,146152,2.96,3754,371
413,17,031,240300,167162,3.00,1335,0
414,17,031,300700,34474,4.05,4910,41
415,17,031,020500,42548,3.63,5794,1190
416,17,031,020802,60014,4.60,7508,445
417,17,031,832400,107071,3.27,3087,79
418,17,031,231100,53239,4.50,1227,722
419,17,031,500300,44599,3.09,1422,479
420,17,031,283800,73449,3.01,3414,1510
421,17,031,220400,97063,3.39,2553,0
422,17,031,630800,49695,4.64,7702,263
423,17,031,381900,66298,3.67,1339,1218
424,17,031,251800,36843,3.93,5094,4916
425,17,031,841800,45306,3.60,2599,2529
426,17,031,834700,30355,4.31,2042,1797
427,17,031,836100,41978,3.62,1867,1852
428,17,031,530502,39999,3.79,1467,1452
429,17,031,680900,20153,3.25,3189,3091
430,17,031,691500,40861,2.86,1819,1775
431,17,031,843000,25222,3.87,2848,2784
432,17,031,220500,82566,2.98,2756,182
433,17,031,040100,82225,3.24,4045,333
434,17,031,190100,42429,3.87,2625,38
435,17,031,241300,125617,3.28,1942,188
436,17,031,300500,38702,3.93,3273,163
437,17,031,841900,130739,2.92,6158,864
438,17,031,411100,137660,2.85,2266,138
439,17,031,400800,22607,3.61,3164,3019
440,17,031,670600,37958,5.04,1460,1346
441,17,031,834600,31385,4.64,2885,2763
442,17,031,660302,39767,4.75,5616,768
443,17,031,063000,111111,2.55,3160,126
444,17,031,691200,40940,3.72,3104,2811
445,17,031,260100,21580,3.56,1014,916
446,17,031,340500,43673,2.91,1629,85
447,17,031,470100,38552,4.42,2601,2601
448,17,031,831800,76251,3.38,6327,300
449,17,031,810301,87448,3.14,3741,1130
450,17,031,240700,93436,2.85,1383,172
451,17,031,190702,50687,3.87,5515,304
452,17,031,190701,51315,4.00,2981,85
453,17,031,140100,44545,3.84,3643,331
454,17,031,292200,35750,4.05,2989,2821
455,17,031,300600,47101,4.46,3420,465
456,17,031,242000,82569,3.44,4920,718
457,17,031,222200,161513,3.09,2099,67
458,17,031,831000,187941,2.81,2284,73
459,17,031,190402,65568,4.05,5178,92
460,17,031,030400,60570,3.07,2632,348
461,17,031,050600,124981,2.96,2371,57
462,17,031,411200,155849,2.84,1675,208
463,17,031,821600,71395,3.60,4415,1746
464,17,031,291200,35409,4.04,2471,2402
465,17,031,260200,33319,3.84,1230,1205
466,17,031,520500,74937,3.71,4565,25
467,17,031,838300,59776,3.00,1448,651
468,17,031,243100,115779,3.70,2659,116
469,17,031,020400,69879,3.36,4518,688
470,17,031,170800,66902,3.31,3775,12
471,17,031,030200,92956,3.08,4978,170
472,17,031,430800,48735,3.10,1676,1580
473,17,031,140702,61792,3.96,6072,405
474,17,031,242200,112156,3.06,3681,138
475,17,031,030800,107205,3.01,4176,189
476,17,031,031000,89902,2.94,3801,198
477,17,031,660600,37032,3.74,6046,3716
478,17,031,100300,76407,3.15,5783,89
479,17,031,100100,75350,3.31,5285,1
480,17,031,834800,29337,3.82,1458,1439
481,17,031,431302,35558,3.63,3951,3707
482,17,031,570400,48759,3.88,1827,14
483,17,031,251500,40967,4.02,3922,3573
484,17,031,671100,29154,4.54,1449,1445
485,17,031,170200,83766,3.70,4166,0
486,17,031,242300,101410,2.70,3149,122
487,17,031,842100,46148,4.07,7111,4393
488,17,031,081202,160090,2.34,3005,24
489,17,031,301100,39221,4.28,2967,98
490,17,031,843300,45634,3.92,1848,885
491,17,031,061200,131551,2.94,2122,31
492,17,031,271800,31213,4.47,1345,1334
493,17,031,490800,60196,3.31,3883,3750
494,17,031,040401,92219,3.17,3009,105
495,17,031,210700,63310,3.42,4214,28
496,17,031,030900,93397,2.99,3188,363
497,17,031,150401,76145,3.45,4965,53
498,17,031,520200,41060,4.75,4120,354
499,17,031,612100,42875,4.41,1093,968
500,17,031,720300,120981,3.63,4024,1371
501,17,031,061000,120847,2.33,1774,27
502,17,031,300900,33422,3.71,4133,98
503,17,031,310700,43603,3.49,1440,60
504,17,031,170300,68524,3.56,4931,4
505,17,031,390100,87011,3.39,1491,1343
506,17,031,661000,47544,3.85,5501,4940
507,17,031,480300,55848,2.87,1202,1143
508,17,031,834000,47303,3.40,3063,2968
509,17,031,530503,49015,3.94,5469,5368
510,17,031,301801,39548,3.94,4080,82
511,17,031,530400,62278,3.35,1980,1916
512,17,031,580800,36777,3.92,1846,5
513,17,031,060100,159662,3.11,2675,219
514,17,031,620300,55758,4.35,7371,209
515,17,031,460100,53531,3.86,3751,2903
516,17,031,430500,32443,3.58,3456,3299
517,17,031,430300,32569,3.43,2141,2124
518,17,031,831600,50008,3.84,7187,537
519,17,031,252101,42465,4.04,1685,1520
520,17,031,200402,54599,4.02,4164,50
521,17,031,670900,36778,4.03,1506,1460
522,17,031,711400,37318,3.84,2346,2336
523,17,031,080201,100571,2.34,3297,166
524,17,031,020702,61255,4.13,7833,312
525,17,031,560100,62029,4.00,1486,161
526,17,031,490700,44239,3.81,2694,2642
527,17,031,700302,68229,3.82,5314,918
528,17,031,460200,40778,3.88,2523,1357
529,17,031,841000,64766,2.44,736,333
530,17,031,090300,106796,3.25,1323,0
531,17,031,190900,54697,3.96,2018,86
532,17,031,120100,134744,3.19,3800,1
533,17,031,830700,58084,2.86,3523,1243
534,17,031,838800,30351,3.94,3525,1960
535,17,031,837300,41542,3.72,2138,1924
536,17,031,160601,66787,4.23,4383,6
537,17,031,062300,220924,3.05,1611,7
538,17,031,580300,42946,4.03,2381,73
539,17,031,843600,55028,3.80,2639,2406
540,17,031,080300,159994,2.77,4733,367
541,17,031,690300,27382,3.73,2437,2234
542,17,031,560700,62234,4.12,3517,13
543,17,031,340400,40117,3.62,2005,2
544,17,031,110400,78917,3.17,4455,25
545,17,031,161200,69224,3.62,2812,18
546,17,031,670700,34408,3.89,1365,1309
547,17,031,062900,154590,2.73,4217,97
548,17,031,060500,81144,2.54,1242,63
549,17,031,150700,78783,3.50,4577,18
550,17,031,301600,38342,4.30,4722,104
551,17,031,020801,59487,3.10,4760,136
552,17,031,240900,51580,3.86,1263,125
553,17,031,842900,34591,3.33,2412,1842
554,17,031,690500,57755,3.96,778,774
555,17,031,720200,86027,3.61,4312,2434
556,17,031,843100,43382,3.92,1931,1711
557,17,031,381400,41553,3.95,1755,1749
558,17,031,081700,124735,2.57,3234,115
559,17,031,050700,152084,3.09,1587,12
560,17,031,420500,34073,3.67,1963,1800
561,17,031,221400,71574,3.24,3034,63
562,17,031,260700,30825,4.16,2015,1842
563,17,031,270500,29013,3.68,1878,1666
564,17,031,161100,133367,3.06,1919,43
565,17,031,050100,100813,3.07,2564,83
566,17,031,050300,101395,3.21,2520,17
567,17,031,061901,79165,2.53,3842,89
568,17,031,837000,43929,3.90,2244,2043
569,17,031,222600,65179,3.50,1625,82
570,17,031,010201,58218,3.46,7229,3295
571,17,031,040402,119684,2.90,5042,217
572,17,031,301200,34589,3.69,3394,286
573,17,031,310300,55932,3.03,1673,33
574,17,031,520400,58963,3.93,4223,242
575,17,031,292500,42488,3.88,4168,3921
576,17,031,490902,48829,3.50,5146,5045
577,17,031,730300,55792,3.32,1172,1148
578,17,031,843800,46843,3.97,1853,870
579,17,031,843200,46723,4.11,2538,48
580,17,031,061500,116786,2.84,1843,14
581,17,031,100600,85644,3.48,5125,51
582,17,031,611900,34584,4.74,1980,1586
583,17,031,841700,32691,3.70,1607,794
584,17,031,490901,50279,4.11,4423,4206
585,17,031,151200,65147,3.68,3541,8
586,17,031,310600,40332,3.88,5135,401
587,17,031,191100,50182,4.36,7570,264
588,17,031,640400,85727,3.58,3819,0
589,17,031,836700,35956,3.90,2194,1715
590,17,031,431400,34507,2.93,6146,5528
591,17,031,836500,34508,3.19,1573,1512
592,17,031,252202,38268,4.09,5083,4923
593,17,031,051200,182286,3.30,1636,144
594,17,031,200401,48273,4.11,4101,77
595,17,031,191301,47481,4.49,5677,403
596,17,031,191302,53813,4.38,5468,468
597,17,031,520600,50093,4.29,2825,0
598,17,031,750600,55065,3.97,3595,3415
599,17,031,071400,107042,2.62,4579,275
600,17,031,160100,65541,3.56,2690,13
601,17,031,230100,53660,3.94,1565,380
602,17,031,160502,64583,3.92,4239,63
603,17,031,260500,35543,3.97,1797,1739
604,17,031,180100,78866,3.44,5786,142
605,17,031,030706,56049,2.65,3578,736
606,17,031,151002,56240,3.87,4158,15
607,17,031,010300,55337,2.99,6077,1546
608,17,031,834500,32201,3.98,1520,1418
609,17,031,530300,52513,3.64,4638,4494
610,17,031,031400,86404,2.35,5114,535
611,17,031,222900,45750,3.65,816,74
612,17,031,020200,80364,3.55,6634,810
613,17,031,491300,33804,3.93,2228,2105
614,17,031,530100,33388,4.02,2181,955
615,17,031,440102,27305,2.96,3019,2952
616,17,031,600600,46032,3.67,2947,83
617,17,031,310200,66746,3.15,1521,90
618,17,031,200300,50595,3.83,2399,23
619,17,031,220901,44323,4.25,3169,242
620,17,031,120300,128459,3.24,6347,68
621,17,031,140701,62948,3.45,2642,107
622,17,031,081402,152128,2.26,4758,272
623,17,031,150402,71411,3.52,3640,1
624,17,031,611200,33669,4.19,2440,413
625,17,031,242800,76150,2.88,1360,9
626,17,031,440900,44341,3.84,2456,2375
627,17,031,440600,57526,3.45,1987,1951
628,17,031,711300,45915,3.70,1765,1699
629,17,031,833300,83864,3.06,2634,198
630,17,031,760803,49298,2.97,6632,35
631,17,031,081800,130958,2.29,7325,177
632,17,031,831400,46504,3.23,2826,1932
633,17,031,390200,66069,2.87,1621,1320
634,17,031,630200,41271,4.40,2103,84
635,17,031,660301,23282,4.35,1988,644
636,17,031,839600,51954,2.91,1746,1525
637,17,031,561000,81653,3.26,5272,40
638,17,031,400400,38633,3.42,1818,1803
639,17,031,830500,49987,4.19,4389,0
640,17,031,840700,37541,4.27,4272,235
641,17,031,250800,43551,3.45,2348,1751
642,17,031,040800,98006,2.91,1876,69
643,17,031,271500,34632,3.78,1405,1344
644,17,031,390700,70069,2.53,5764,2805
645,17,031,820901,49709,3.74,5545,146
646,17,031,030101,55778,2.50,3613,743
647,17,031,381500,44989,3.67,252,210
648,17,031,580502,57344,4.23,5324,28
649,17,031,810701,58195,3.62,5262,33
650,17,031,670300,37731,3.86,1201,1063
651,17,031,220701,60065,3.44,3406,187
652,17,031,250300,43777,3.77,4796,3307
653,17,031,090200,113173,3.23,6767,120
654,17,031,640800,60284,4.03,1821,6
655,17,031,640700,65703,3.54,3221,23
656,17,031,500100,45606,3.04,3084,3027
657,17,031,150502,66759,3.65,4720,24
658,17,031,461000,24912,3.83,1814,906
659,17,031,283200,69315,3.27,1602,529
660,17,031,730100,56070,3.50,2504,2444
661,17,031,210100,63079,3.05,3480,100
662,17,031,480200,41939,3.16,1208,1189
663,17,031,030703,61418,2.34,2736,455
664,17,031,491400,35882,3.42,2462,2386
665,17,031,843400,41141,3.71,1281,1044
666,17,031,510100,51110,4.10,3165,481
667,17,031,836900,41675,4.09,1500,1329
668,17,031,720100,132888,3.18,3366,1165
669,17,031,140500,72201,3.81,4352,175
670,17,031,250600,61779,4.08,4370,3993
671,17,031,480100,76355,2.91,2095,2027
672,17,031,840100,44936,3.69,2639,20
673,17,031,812100,111863,3.19,4646,1180
674,17,031,320400,267170,2.19,2995,374
675,17,031,570100,56644,4.10,1237,4
676,17,031,561100,84789,3.60,5663,0
677,17,031,750300,100732,3.23,2549,196
678,17,031,740400,84970,3.47,4857,451
679,17,031,130100,61018,3.32,5169,114
680,17,031,071800,188626,3.03,2714,486
681,17,031,051100,127003,3.07,1454,14
682,17,031,610400,28008,4.32,2040,23
683,17,031,580200,44830,4.11,3020,102
684,17,031,062500,168471,2.83,1383,0
685,17,031,830800,81844,2.70,2531,173
686,17,031,062200,144700,2.59,2697,113
687,17,031,611100,27928,4.16,2324,271
688,17,031,611400,35153,4.32,3405,82
689,17,031,020301,84280,3.67,5142,331
690,17,031,140301,66001,4.10,2798,55
691,17,031,110200,74091,3.19,3055,57
692,17,031,420400,32771,2.96,1307,812
693,17,031,221500,57281,2.69,2610,107
694,17,031,460302,32257,4.52,3619,3359
695,17,031,680500,27526,3.62,1274,1190
696,17,031,831500,67181,3.73,3541,236
697,17,031,700402,82538,3.67,4192,2974
698,17,031,611000,26694,3.94,931,464
699,17,031,170900,66146,3.41,1729,73
700,17,031,810900,58128,2.97,6210,133
701,17,031,670500,32203,4.10,1072,886
702,17,031,611700,33435,3.54,1267,575
703,17,031,080100,185124,2.57,7078,277
704,17,031,031501,48502,2.70,3653,1231
705,17,031,351500,53569,3.09,447,214
706,17,031,540101,21767,3.82,3779,3602
707,17,031,611600,42363,4.47,1604,1118
708,17,031,250200,50598,4.21,2860,1625
709,17,031,060900,72292,2.80,6849,278
710,17,031,063200,98495,2.62,6942,288
711,17,031,420200,48437,3.79,1771,1337
712,17,031,291600,47115,3.07,859,153
713,17,031,240800,51472,3.98,1763,161
714,17,031,010503,44922,2.96,2080,198
715,17,031,030104,43349,2.28,3487,433
716,17,031,170100,54649,2.56,1865,98
717,17,031,550200,70437,3.65,2772,0
718,17,031,810400,102392,3.11,5396,1
719,17,031,063100,116814,2.67,2454,18
720,17,031,671200,36231,3.81,1064,1031
721,17,031,700200,60324,3.98,6785,930
722,17,031,351400,30163,3.46,1651,1491
723,17,031,700502,89564,3.44,3162,2816
724,17,031,460600,36770,3.74,948,676
725,17,031,540102,19694,3.54,3311,3134
726,17,031,490400,67212,3.37,929,906
727,17,031,430600,58722,3.38,1619,1477
728,17,031,380200,40878,2.91,1786,1590
729,17,031,836200,104138,3.05,1756,113
730,17,031,640100,59718,3.75,1342,61
731,17,031,838200,52015,3.13,1969,459
732,17,031,750200,88142,3.16,3050,1656
733,17,031,750400,102829,3.28,3150,1100
734,17,031,380700,39642,3.28,1186,944
